Elo	Username	W	L	T	Last update
1281.6080813338053	how does win	18	3	0	Thu Jun 02 2022 00:22:18 GMT+0000 (Greenwich Mean Time)
1239.8021305135278	QuaggyKiwi	18	11	0	Wed Sep 07 2022 02:13:48 GMT+0000 (Greenwich Mean Time)
1215.7779996499062	Takatk	38	31	0	Sun Jul 31 2022 03:48:46 GMT+0000 (Greenwich Mean Time)
1209.5788309427962	lhce628	12	9	0	Wed Aug 10 2022 03:59:41 GMT+0000 (Greenwich Mean Time)
1200.7936701444737	Cheesethe	17	22	0	Wed Sep 07 2022 02:13:48 GMT+0000 (Greenwich Mean Time)
1181.5432668727733	cyclonez_	4	2	0	Wed Aug 10 2022 04:10:49 GMT+0000 (Greenwich Mean Time)
1163.9565109006835	Madamadam2	11	17	0	Sun Jul 31 2022 14:36:34 GMT+0000 (Greenwich Mean Time)
1147.0068263059495	I9821943813dws	12	17	0	Wed Aug 10 2022 04:10:49 GMT+0000 (Greenwich Mean Time)
1121.549042798613	Darkortex	4	2	0	Tue May 31 2022 05:06:33 GMT+0000 (Greenwich Mean Time)
1115.239223219879	shoddy built	7	9	0	Wed Jul 06 2022 01:19:57 GMT+0000 (Greenwich Mean Time)
1111.4935163596663	Ruby4	2	2	0	Fri Jul 29 2022 12:48:14 GMT+0000 (Greenwich Mean Time)
1109.7898629337574	You Are A Vernt	2	0	0	Wed Sep 07 2022 00:01:28 GMT+0000 (Greenwich Mean Time)
1100.5395608240356	chemical_jackfruit	2	2	0	Tue May 31 2022 19:31:40 GMT+0000 (Greenwich Mean Time)
1099.4168419057773	hui86676	2	0	0	Tue Jul 05 2022 18:45:01 GMT+0000 (Greenwich Mean Time)
1098.7521213560296	REN_IG_VGC	7	6	0	Mon May 30 2022 19:23:07 GMT+0000 (Greenwich Mean Time)
1092.8578978313674	TemmieUndertwale	2	2	0	Thu Jun 09 2022 05:20:34 GMT+0000 (Greenwich Mean Time)
1091.3582235226881	unnyman225	3	2	0	Sun Jul 31 2022 03:38:44 GMT+0000 (Greenwich Mean Time)
1088.3661108477195	sucking lemons	2	1	0	Tue May 31 2022 05:18:48 GMT+0000 (Greenwich Mean Time)
1084.921200236989	BT89	2	0	0	Sun May 29 2022 10:20:55 GMT+0000 (Greenwich Mean Time)
1074.8184189593253	shoddy build	2	2	0	Tue May 31 2022 14:17:56 GMT+0000 (Greenwich Mean Time)
1073.954014571812	TenkoTheMothra	2	11	0	Mon Jun 13 2022 19:18:23 GMT+0000 (Greenwich Mean Time)
1069.5756571069228	Spartior1	1	0	0	Fri Jun 10 2022 04:27:58 GMT+0000 (Greenwich Mean Time)
1067.5350689648837	tonzu	4	9	0	Thu Jun 02 2022 00:22:18 GMT+0000 (Greenwich Mean Time)
1067.2539079934907	testlab12	1	0	0	Sat Jul 09 2022 05:29:58 GMT+0000 (Greenwich Mean Time)
1066.4634557685354	Madayoshi	1	0	0	Wed Aug 03 2022 02:38:55 GMT+0000 (Greenwich Mean Time)
1055.791400445567	TheRealEGR	1	0	0	Tue Jun 14 2022 16:41:11 GMT+0000 (Greenwich Mean Time)
1048.6113145221382	simulacra71	1	2	0	Tue Jul 05 2022 03:49:04 GMT+0000 (Greenwich Mean Time)
1047.7702030263329	AV Cosmoem	1	2	0	Mon Aug 01 2022 21:28:49 GMT+0000 (Greenwich Mean Time)
1045	pokechamp13	1	1	0	Tue Jul 05 2022 19:24:04 GMT+0000 (Greenwich Mean Time)
1000	Alon Guy Person	0	3	0	Thu Aug 18 2022 19:45:28 GMT+0000 (Greenwich Mean Time)
1000	UDM31	0	2	0	Sun Jul 31 2022 03:38:44 GMT+0000 (Greenwich Mean Time)
1000	Flaming101607	0	1	0	Sat Jul 23 2022 03:34:35 GMT+0000 (Greenwich Mean Time)
1000	Pu is goated	0	1	0	Fri Jul 08 2022 22:12:37 GMT+0000 (Greenwich Mean Time)
1000	GradientGray	0	1	0	Tue Jul 05 2022 19:24:04 GMT+0000 (Greenwich Mean Time)
1000	green334	0	1	0	Sun Jun 12 2022 00:14:39 GMT+0000 (Greenwich Mean Time)
1000	Archapegasi	0	1	0	Wed Jun 01 2022 05:08:26 GMT+0000 (Greenwich Mean Time)
1000	Greeny Tree	0	2	0	Tue May 31 2022 14:17:56 GMT+0000 (Greenwich Mean Time)
1000	Kimyona	0	1	0	Tue May 31 2022 00:42:59 GMT+0000 (Greenwich Mean Time)
1000	vnmmv	0	2	0	Mon May 30 2022 23:13:23 GMT+0000 (Greenwich Mean Time)
